Position Eligibility,Player,Team,Position,Points,Games,Avg
D/ST,Patriots D/ST,NE,D/ST,124,11,11.3
D/ST,Bills D/ST,BUF,D/ST,100,10,10
D/ST,Cardinals D/ST,ARI,D/ST,98,11,8.9
D/ST,Cowboys D/ST,DAL,D/ST,95,10,9.5
D/ST,Colts D/ST,IND,D/ST,94,11,8.6
D/ST,Buccaneers D/ST,TB,D/ST,81,10,8.1
D/ST,Saints D/ST,NO,D/ST,81,10,8.1
D/ST,Eagles D/ST,PHI,D/ST,79,11,7.2
D/ST,Panthers D/ST,CAR,D/ST,79,11,7.2
D/ST,Titans D/ST,TEN,D/ST,76,11,6.9
D/ST,Broncos D/ST,DEN,D/ST,75,10,7.5
D/ST,Packers D/ST,GB,D/ST,75,11,6.8
D/ST,Vikings D/ST,MIN,D/ST,69,10,6.9
D/ST,Dolphins D/ST,MIA,D/ST,69,11,6.3
D/ST,Bears D/ST,CHI,D/ST,63,10,6.3
D/ST,49ers D/ST,SF,D/ST,63,10,6.3
D/ST,Chiefs D/ST,KC,D/ST,63,11,5.7
D/ST,Rams D/ST,LAR,D/ST,61,10,6.1
D/ST,Steelers D/ST,PIT,D/ST,60,10,6
D/ST,Browns D/ST,CLE,D/ST,60,11,5.5
D/ST,Giants D/ST,NYG,D/ST,58,10,5.8
D/ST,Bengals D/ST,CIN,D/ST,56,10,5.6
D/ST,Texans D/ST,HOU,D/ST,55,10,5.5
D/ST,Ravens D/ST,BAL,D/ST,50,10,5
D/ST,Seahawks D/ST,SEA,D/ST,49,10,4.9
D/ST,Raiders D/ST,LV,D/ST,47,10,4.7
D/ST,Washington D/ST,WAS,D/ST,43,10,4.3
D/ST,Jaguars D/ST,JAC,D/ST,42,10,4.2
D/ST,Chargers D/ST,LAC,D/ST,36,10,3.6
D/ST,Lions D/ST,DET,D/ST,32,10,3.2
D/ST,Falcons D/ST,ATL,D/ST,27,10,2.7
D/ST,Jets D/ST,NYJ,D/ST,24,10,2.4
K,Nick Folk,NE,K,119,11,10.8
K,Greg Joseph,MIN,K,101,10,10.1
K,Chris Boswell,PIT,K,99,10,9.9
K,Justin Tucker,BAL,K,95,10,9.5
K,Tyler Bass,BUF,K,94,10,9.4
K,Jake Elliott,PHI,K,94,11,8.6
K,Matt Gay,LAR,K,91,10,9.1
K,Matt Prater,ARI,K,91,11,8.3
K,Zane Gonzalez,CAR,K,90,10,9
K,Evan McPherson,CIN,K,89,10,8.9
K,Dustin Hopkins,Multi,K,89,10,8.9
K,Randy Bullock,TEN,K,89,10,8.9
K,Harrison Butker,KC,K,88,11,8
K,Daniel Carlson,LV,K,87,10,8.7
K,Graham Gano,NYG,K,87,10,8.7
K,Mason Crosby,GB,K,82,11,7.5
K,Brandon McManus,DEN,K,80,10,8
K,Ryan Succop,TB,K,79,10,7.9
K,Greg Zuerlein,DAL,K,78,9,8.7
K,Chase McLaughlin,CLE,K,74,11,6.7
K,Joey Slye,Multi,K,72,8,9
K,Younghoe Koo,ATL,K,68,10,6.8
K,Jason Sanders,MIA,K,66,11,6
K,Cairo Santos,CHI,K,59,10,5.9
K,Jason Myers,SEA,K,56,10,5.6
K,Michael Badgley,Multi,K,54,7,7.7
K,Robbie Gould,SF,K,52,6,8.7
K,Matt Ammendola,NYJ,K,48,10,4.8
K,Rodrigo Blankenship,IND,K,45,5,9
K,Austin Seibert,DET,K,42,6,7
K,Matthew Wright,JAC,K,41,7,5.9
K,Ka'imi Fairbairn,HOU,K,35,7,5
K,Brian Johnson,NO,K,31,5,6.2
K,Tristan Vizcaino,LAC,K,29,6,4.8
K,Aldrick Rosas,Multi,K,22,5,4.4
K,Ryan Santoso,Multi,K,18,4,4.5
K,Chris Blewitt,WAS,K,11,2,5.5
K,Josh Lambo,JAC,K,5,3,1.7
K,Lirim Hajrullahu,DAL,K,5,1,5
K,Brett Maher,NO,K,5,1,5
K,Cody Parkey,NO,K,3,1,3
K,Elliott Fry,FA,K,0,1,0
K,Ty Long,LAC,K,0,9,0
K,Cameron Nizialek,ATL,K,0,4,0
K,JJ Molson,GB,K,0,1,0
QB,Jalen Hurts,PHI,QB,253,11,23
QB,Tom Brady,TB,QB,242.2,10,24.2
QB,Josh Allen,BUF,QB,240.5,10,24.1
QB,Patrick Mahomes II,KC,QB,240.3,11,21.9
QB,Justin Herbert,LAC,QB,233.7,10,23.4
QB,Lamar Jackson,BAL,QB,219.8,9,24.4
QB,Matthew Stafford,LAR,QB,214.3,10,21.4
QB,Kirk Cousins,MIN,QB,203.9,10,20.4
QB,Aaron Rodgers,GB,QB,202.1,10,20.2
QB,Ryan Tannehill,TEN,QB,190.4,11,17.3
QB,Kyler Murray,ARI,QB,184.8,8,23.1
QB,Dak Prescott,DAL,QB,184.3,9,20.5
QB,Joe Burrow,CIN,QB,184.2,10,18.4
QB,Carson Wentz,IND,QB,184.1,11,16.7
QB,Taylor Heinicke,WAS,QB,177.9,10,17.8
QB,Derek Carr,LV,QB,177.6,10,17.8
QB,Teddy Bridgewater,DEN,QB,159.5,10,16
QB,Daniel Jones,NYG,QB,158.5,10,15.9
QB,Mac Jones,NE,QB,155.6,11,14.2
QB,Matt Ryan,ATL,QB,154.7,10,15.5
QB,Jimmy Garoppolo,SF,QB,145.5,9,16.2
QB,Sam Darnold,CAR,QB,143.1,9,15.9
QB,Baker Mayfield,CLE,QB,136.5,10,13.7
QB,Trevor Lawrence,JAC,QB,133.9,10,13.4
QB,Ben Roethlisberger,PIT,QB,132.9,9,14.8
QB,Jameis Winston,NO,QB,120.3,7,17.2
QB,Jared Goff,DET,QB,118,9,13.1
QB,Russell Wilson,SEA,QB,115.8,7,16.5
QB,Tua Tagovailoa,MIA,QB,115.6,7,16.5
QB,Justin Fields,CHI,QB,99.6,10,10
QB,Jacoby Brissett,MIA,QB,76.2,8,9.5
QB,Davis Mills,HOU,QB,75.1,7,10.7
QB,Trevor Siemian,NO,QB,72.7,4,18.2
QB,Tyrod Taylor,HOU,QB,68.1,4,17
QB,Zach Wilson,NYJ,QB,59.9,6,10
QB,Geno Smith,SEA,QB,55.3,4,13.8
QB,Mike White,NYJ,QB,52,4,13
QB,Trey Lance,SF,QB,46.9,5,9.4
QB,Colt McCoy,ARI,QB,39.8,6,6.6
QB,Cam Newton,CAR,QB,37.9,2,19
QB,Taysom Hill,NO,QB,34.8,7,5
QB,Andy Dalton,CHI,QB,31.5,4,7.9
QB,Josh Johnson,NYJ,QB,26.2,2,13.1
QB,Joe Flacco,NYJ,QB,23.8,2,11.9
QB,Cooper Rush,DAL,QB,18.3,2,9.2
QB,Mason Rudolph,PIT,QB,16.3,1,16.3
QB,Case Keenum,CLE,QB,16.1,4,4
QB,Tyler Huntley,BAL,QB,14.4,3,4.8
QB,Jordan Love,GB,QB,13.2,4,3.3
QB,Mike Glennon,NYG,QB,10,1,10
QB,Brian Hoyer,NE,QB,9.8,3,3.3
QB,Mitchell Trubisky,BUF,QB,8.8,4,2.2
QB,P.J. Walker,CAR,QB,8.8,3,2.9
QB,Brandon Allen,CIN,QB,4.2,2,2.1
QB,Marcus Mariota,LV,QB,4.1,3,1.4
QB,Chad Henne,KC,QB,3.5,2,1.8
QB,Drew Lock,DEN,QB,3.5,1,3.5
QB,Chris Streveler,ARI,QB,2,2,1
QB,Blaine Gabbert,TB,QB,2,4,0.5
QB,C.J. Beathard,JAC,QB,1.3,1,1.3
QB,Tim Boyle,DET,QB,1.1,1,1.1
QB,Sam Ehlinger,IND,QB,1,2,0.5
QB,Ryan Fitzpatrick,WAS,QB,0.7,1,0.7
QB,David Blough,DET,QB,0.6,1,0.6
QB,Gardner Minshew II,PHI,QB,0.4,1,0.4
QB,Nathan Peterman,LV,QB,0.2,1,0.2
QB,Jacob Eason,IND,QB,0,1,0
QB,Kellen Mond,MIN,QB,0,1,0
QB,Davis Webb,BUF,QB,-0.3,1,-0.3
QB,Logan Woodside,TEN,QB,-0.3,3,-0.1
QB,Feleipe Franks,ATL,QB,-0.4,5,-0.1
QB,John Wolford,LAR,QB,-0.9,2,-0.5
QB,Josh Rosen,ATL,QB,-1.2,3,-0.4
RB/FLEX,Jonathan Taylor,IND,RB,232.4,11,21.1
RB/FLEX,Austin Ekeler,LAC,RB,175.8,10,17.6
RB/FLEX,Derrick Henry,TEN,RB,175.3,8,21.9
RB/FLEX,Joe Mixon,CIN,RB,161.3,10,16.1
RB/FLEX,James Conner,ARI,RB,150.8,11,13.7
RB/FLEX,Najee Harris,PIT,RB,144.2,10,14.4
RB/FLEX,Ezekiel Elliott,DAL,RB,140.1,10,14
RB/FLEX,Nick Chubb,CLE,RB,133.4,8,16.7
RB/FLEX,D'Andre Swift,DET,RB,131.5,10,13.2
RB/FLEX,Alvin Kamara,NO,RB,126,8,15.8
RB/FLEX,Aaron Jones,GB,RB,123.9,10,12.4
RB/FLEX,Cordarrelle Patterson,ATL,RB,119.6,9,13.3
RB/FLEX,Darrell Henderson Jr.,LAR,RB,116.7,9,13
RB/FLEX,James Robinson,JAC,RB,115.7,9,12.9
RB/FLEX,Dalvin Cook,MIN,RB,111.2,8,13.9
RB/FLEX,Leonard Fournette,TB,RB,108.4,10,10.8
RB/FLEX,Melvin Gordon III,DEN,RB,106.4,10,10.6
RB/FLEX,Antonio Gibson,WAS,RB,105.9,10,10.6
RB/FLEX,Damien Harris,NE,RB,105.5,10,10.6
RB/FLEX,Michael Carter,NYJ,RB,95.8,10,9.6
RB/FLEX,Darrel Williams,KC,RB,94,11,8.6
RB/FLEX,Myles Gaskin,MIA,RB,92.2,11,8.4
RB/FLEX,AJ Dillon,GB,RB,87.4,11,8
RB/FLEX,Christian McCaffrey,CAR,RB,87,6,14.5
RB/FLEX,Kareem Hunt,CLE,RB,84.2,6,14
RB/FLEX,Elijah Mitchell,SF,RB,81.3,7,11.6
RB/FLEX,Josh Jacobs,LV,RB,80.6,8,10.1
RB/FLEX,Tony Pollard,DAL,RB,77.9,10,7.8
RB/FLEX,Mark Ingram II,Multi,RB,75.5,11,6.9
RB/FLEX,Javonte Williams,DEN,RB,75,10,7.5
RB/FLEX,Chuba Hubbard,CAR,RB,73.3,10,7.3
RB/FLEX,Zack Moss,BUF,RB,71.1,9,7.9
RB/FLEX,Kenyan Drake,LV,RB,68.7,10,6.9
RB/FLEX,David Montgomery,CHI,RB,68.5,7,9.8
RB/FLEX,Chase Edmonds,ARI,RB,68.1,9,7.6
RB/FLEX,Devontae Booker,NYG,RB,67.6,9,7.5
RB/FLEX,J.D. McKissic,WAS,RB,67.3,10,6.7
RB/FLEX,Devin Singletary,BUF,RB,64.9,10,6.5
RB/FLEX,Devonta Freeman,BAL,RB,62.9,9,7
RB/FLEX,Rhamondre Stevenson,NE,RB,58.2,7,8.3
RB/FLEX,Ty Johnson,NYJ,RB,57.5,10,5.8
RB/FLEX,Alex Collins,SEA,RB,57.4,9,6.4
RB/FLEX,Clyde Edwards-Helaire,KC,RB,57,6,9.5
RB/FLEX,Kenneth Gainwell,PHI,RB,56.8,10,5.7
RB/FLEX,Saquon Barkley,NYG,RB,56.1,7,8
RB/FLEX,Jamaal Williams,DET,RB,54.2,8,6.8
RB/FLEX,Nyheim Hines,IND,RB,53.8,11,4.9
RB/FLEX,D'Ernest Johnson,CLE,RB,53.4,8,6.7
RB/FLEX,Mike Davis,ATL,RB,52.5,10,5.3
RB/FLEX,Miles Sanders,PHI,RB,51.2,8,6.4
RB/FLEX,Latavius Murray,BAL,RB,51,7,7.3
RB/FLEX,Alexander Mattison,MIN,RB,47.6,10,4.8
RB/FLEX,Khalil Herbert,CHI,RB,46.8,9,5.2
RB/FLEX,Jordan Howard,PHI,RB,45.4,4,11.4
RB/FLEX,Brandon Bolden,NE,RB,44.3,10,4.4
RB/FLEX,Sony Michel,LAR,RB,44.2,10,4.4
RB/FLEX,Boston Scott,PHI,RB,43.7,7,6.2
RB/FLEX,Chris Carson,SEA,RB,42.1,4,10.5
RB/FLEX,Samaje Perine,CIN,RB,41,9,4.6
RB/FLEX,David Johnson,HOU,RB,37.5,10,3.8
RB/FLEX,Giovani Bernard,TB,RB,35.1,9,3.9
RB/FLEX,Ronald Jones II,TB,RB,34.6,9,3.8
RB/FLEX,Jeremy McNichols,TEN,RB,34.4,9,3.8
RB/FLEX,Ty'Son Williams,BAL,RB,32.4,6,5.4
RB/FLEX,Damien Williams,CHI,RB,32.3,7,4.6
RB/FLEX,Phillip Lindsay,HOU,RB,28.7,10,2.9
RB/FLEX,Travis Homer,SEA,RB,25.4,10,2.5
RB/FLEX,Trey Sermon,SF,RB,25.3,6,4.2
RB/FLEX,Carlos Hyde,JAC,RB,25.1,9,2.8
RB/FLEX,Kyle Juszczyk,SF,RB,24.9,9,2.8
RB/FLEX,Peyton Barber,LV,RB,23.7,5,4.7
RB/FLEX,Demetric Felton,CLE,RB,22.5,10,2.3
RB/FLEX,Matt Breida,BUF,RB,22.1,3,7.4
RB/FLEX,Salvon Ahmed,MIA,RB,21.7,9,2.4
RB/FLEX,Le'Veon Bell,BAL,RB,20.2,5,4
RB/FLEX,Ameer Abdullah,Multi,RB,20,11,1.8
RB/FLEX,Chris Evans,CIN,RB,20,6,3.3
RB/FLEX,JaMycal Hasty,SF,RB,19.9,5,4
RB/FLEX,Malcolm Brown,MIA,RB,19.5,6,3.3
RB/FLEX,James White,NE,RB,19.2,3,6.4
RB/FLEX,DeeJay Dallas,SEA,RB,19.2,10,1.9
RB/FLEX,Jermar Jefferson,DET,RB,19,2,9.5
RB/FLEX,Rex Burkhead,HOU,RB,16.7,8,2.1
RB/FLEX,Elijhaa Penny,NYG,RB,15.8,8,2
RB/FLEX,Derrick Gore,KC,RB,15.3,4,3.8
RB/FLEX,Adrian Peterson,TEN,RB,15,3,5
RB/FLEX,Eno Benjamin,ARI,RB,14.8,5,3
RB/FLEX,D'Onta Foreman,TEN,RB,14.7,3,4.9
RB/FLEX,Alec Ingold,LV,RB,14.6,7,2.1
RB/FLEX,Larry Rountree III,LAC,RB,14.6,9,1.6
RB/FLEX,J.J. Taylor,NE,RB,14.5,5,2.9
RB/FLEX,Tevin Coleman,NYJ,RB,14.1,6,2.4
RB/FLEX,Justin Jackson,LAC,RB,13.7,7,2
RB/FLEX,Jerick McKinnon,KC,RB,11.9,8,1.5
RB/FLEX,Patrick Ricard,BAL,RB,11.8,6,2
RB/FLEX,Jaret Patterson,WAS,RB,11.3,7,1.6
RB/FLEX,Godwin Igwebuike,DET,RB,11.2,2,5.6
RB/FLEX,Marlon Mack,IND,RB,10.9,6,1.8
RB/FLEX,Wayne Gallman Jr.,ATL,RB,10.6,7,1.5
RB/FLEX,C.J. Ham,MIN,RB,10,9,1.1
RB/FLEX,Royce Freeman,CAR,RB,9.2,6,1.5
RB/FLEX,Tony Jones Jr.,NO,RB,8.9,5,1.8
RB/FLEX,Jeff Wilson Jr.,SF,RB,8.6,2,4.3
RB/FLEX,Dontrell Hilliard,TEN,RB,8.2,2,4.1
RB/FLEX,Alex Armah Jr.,NO,RB,8.2,7,1.2
RB/FLEX,Andy Janovich,CLE,RB,8,4,2
RB/FLEX,Johnny Stanton,CLE,RB,7.2,3,2.4
RB/FLEX,Kene Nwangwu,MIN,RB,6.9,3,2.3
RB/FLEX,Ty Montgomery,NO,RB,6.7,8,0.8
RB/FLEX,Keith Smith,ATL,RB,6.6,8,0.8
RB/FLEX,Jalen Richard,LV,RB,5.3,5,1.1
RB/FLEX,Rodney Smith,CAR,RB,4.8,1,4.8
RB/FLEX,Benny Snell Jr.,PIT,RB,4.5,9,0.5
RB/FLEX,Dare Ogunbowale,JAC,RB,4.5,6,0.8
RB/FLEX,Rashaad Penny,SEA,RB,4.3,4,1.1
RB/FLEX,Joshua Kelley,LAC,RB,4,4,1
RB/FLEX,Jakob Johnson,NE,RB,3.4,4,0.9
RB/FLEX,Qadree Ollison,ATL,RB,3.4,1,3.4
RB/FLEX,Ke'Shawn Vaughn,TB,RB,3.1,2,1.6
RB/FLEX,Kylin Hill,GB,RB,2.9,8,0.4
RB/FLEX,Dwayne Washington,NO,RB,2.8,5,0.6
RB/FLEX,Corey Clement,DAL,RB,2.5,5,0.5
RB/FLEX,Scottie Phillips,HOU,RB,2.2,3,0.7
RB/FLEX,Patrick Laird,MIA,RB,2.1,3,0.7
RB/FLEX,Jonathan Ward,ARI,RB,2.1,5,0.4
RB/FLEX,Raheem Mostert,SF,RB,2,1,2
RB/FLEX,Nick Bawden,NYJ,RB,2,1,2
RB/FLEX,Michael Burton,KC,RB,2,5,0.4
RB/FLEX,Gabe Nabers,LAC,RB,1.9,5,0.4
RB/FLEX,Patrick Taylor Jr.,GB,RB,1.8,2,0.9
RB/FLEX,Darrynton Evans,TEN,RB,1.8,2,0.9
RB/FLEX,Reggie Gilliam,BUF,RB,1.8,6,0.3
RB/FLEX,Duke Johnson Jr.,MIA,RB,1.8,1,1.8
RB/FLEX,Kalen Ballage,PIT,RB,1.7,6,0.3
RB/FLEX,Derek Watt,PIT,RB,1.5,7,0.2
RB/FLEX,Trayveon Williams,CIN,RB,1.3,1,1.3
RB/FLEX,John Kelly,CLE,RB,1.3,1,1.3
RB/FLEX,Deon Jackson,IND,RB,1.2,2,0.6
RB/FLEX,Jacques Patrick,SF,RB,1.2,1,1.2
RB/FLEX,Buddy Howell,LAR,RB,1.1,4,0.3
RB/FLEX,Gary Brightwell,NYG,RB,1,6,0.2
RB/FLEX,Ryan Nall,CHI,RB,0.8,4,0.2
RB/FLEX,Damarea Crockett,DEN,RB,0.7,1,0.7
RB/FLEX,Jake Funk,LAR,RB,0.6,4,0.2
RB/FLEX,Mekhi Sargent,TEN,RB,0.4,3,0.1
RB/FLEX,Devine Ozigbo,Multi,RB,0.4,2,0.2
RB/FLEX,Mike Boone,DEN,RB,0.3,2,0.2
RB/FLEX,La'Mical Perine,NYJ,RB,0.3,1,0.3
RB/FLEX,Anthony McFarland Jr.,PIT,RB,0.1,2,0.1
RB/FLEX,Trey Edmunds,PIT,RB,0,1,0
RB/FLEX,Elijah McGuire,KC,RB,0,1,0
RB/FLEX,Darwin Thompson,TB,RB,0,1,0
RB/FLEX,LeVante Bellamy,DEN,RB,0,1,0
RB/FLEX,Artavis Pierce,CHI,RB,0,1,0
RB/FLEX,Cam Akers,LAR,RB,0,1,0
RB/FLEX,J.K. Dobbins,BAL,RB,0,1,0
RB/FLEX,Sewo Olonilua,DAL,RB,0,1,0
RB/FLEX,Nick Ralston,DAL,RB,0,1,0
RB/FLEX,Gerrid Doaks,MIA,RB,0,4,0
RB/FLEX,Tory Carter,TEN,RB,0,4,0
RB/FLEX,Cullen Gillaspia,NYG,RB,0,3,0
RB/FLEX,Taiwan Jones,BUF,RB,0,4,0
RB/FLEX,Jordan Wilkins,IND,RB,0,1,0
RB/FLEX,Spencer Brown,CAR,RB,0,1,0
RB/FLEX,Tarik Cohen,CHI,RB,0,1,0
RB/FLEX,Khari Blasingame,TEN,RB,0,2,0
RB/FLEX,Trenton Cannon,Multi,RB,-1.6,10,-0.2
TE/FLEX,Travis Kelce,KC,TE,116.5,11,10.6
TE/FLEX,Mark Andrews,BAL,TE,97.6,10,9.8
TE/FLEX,Hunter Henry,NE,TE,79.8,11,7.3
TE/FLEX,Zach Ertz,Multi,TE,76.2,11,6.9
TE/FLEX,Darren Waller,LV,TE,73,9,8.1
TE/FLEX,Mike Gesicki,MIA,TE,71.9,11,6.5
TE/FLEX,Dawson Knox,BUF,TE,70.3,8,8.8
TE/FLEX,Kyle Pitts,ATL,TE,69.5,10,7
TE/FLEX,Dalton Schultz,DAL,TE,67.1,10,6.7
TE/FLEX,T.J. Hockenson,DET,TE,63.9,10,6.4
TE/FLEX,Dallas Goedert,PHI,TE,63.1,10,6.3
TE/FLEX,C.J. Uzomah,CIN,TE,62.2,10,6.2
TE/FLEX,George Kittle,SF,TE,58.1,7,8.3
TE/FLEX,Tyler Conklin,MIN,TE,56.8,10,5.7
TE/FLEX,Pat Freiermuth,PIT,TE,56.7,10,5.7
TE/FLEX,Noah Fant,DEN,TE,55.9,9,6.2
TE/FLEX,Tyler Higbee,LAR,TE,52.4,10,5.2
TE/FLEX,Rob Gronkowski,TB,TE,49.5,5,9.9
TE/FLEX,David Njoku,CLE,TE,49.3,10,4.9
TE/FLEX,Jared Cook,LAC,TE,48.6,10,4.9
TE/FLEX,Mo Alie-Cox,IND,TE,45.1,11,4.1
TE/FLEX,Austin Hooper,CLE,TE,40.1,11,3.7
TE/FLEX,Dan Arnold,Multi,TE,39.9,10,4
TE/FLEX,Donald Parham Jr.,LAC,TE,36.9,10,3.7
TE/FLEX,Ricky Seals-Jones,WAS,TE,35,7,5
TE/FLEX,Jack Doyle,IND,TE,33.7,11,3.1
TE/FLEX,Evan Engram,NYG,TE,33.3,8,4.2
TE/FLEX,MyCole Pruitt,TEN,TE,32.9,9,3.7
TE/FLEX,Robert Tonyan,GB,TE,32.4,8,4.1
TE/FLEX,Foster Moreau,LV,TE,31.2,8,3.9
TE/FLEX,Gerald Everett,SEA,TE,30.2,8,3.8
TE/FLEX,Cole Kmet,CHI,TE,29.6,10,3
TE/FLEX,Jonnu Smith,NE,TE,29,10,2.9
TE/FLEX,Juwan Johnson,NO,TE,28.8,8,3.6
TE/FLEX,Adam Trautman,NO,TE,28.1,9,3.1
TE/FLEX,Tommy Tremble,CAR,TE,26.3,10,2.6
TE/FLEX,Maxx Williams,ARI,TE,25.3,5,5.1
TE/FLEX,Geoff Swaim,TEN,TE,25.1,10,2.5
TE/FLEX,Albert Okwuegbunam,DEN,TE,23.3,7,3.3
TE/FLEX,Kyle Rudolph,NYG,TE,22.7,9,2.5
TE/FLEX,Durham Smythe,MIA,TE,22.1,10,2.2
TE/FLEX,Ryan Griffin,NYJ,TE,21.9,10,2.2
TE/FLEX,Cameron Brate,TB,TE,21.8,9,2.4
TE/FLEX,Logan Thomas,WAS,TE,21.7,3,7.2
TE/FLEX,Will Dissly,SEA,TE,21.6,8,2.7
TE/FLEX,Blake Jarwin,DAL,TE,21,7,3
TE/FLEX,Eric Ebron,PIT,TE,20.5,8,2.6
TE/FLEX,Hayden Hurst,ATL,TE,19.8,8,2.5
TE/FLEX,O.J. Howard,TB,TE,19.5,9,2.2
TE/FLEX,Tyler Kroft,NYJ,TE,16.4,6,2.7
TE/FLEX,Harrison Bryant,CLE,TE,16.1,10,1.6
TE/FLEX,Josiah Deguara,GB,TE,15,8,1.9
TE/FLEX,Jordan Akins,HOU,TE,14.7,9,1.6
TE/FLEX,Ian Thomas,CAR,TE,14.6,9,1.6
TE/FLEX,Stephen Anderson,LAC,TE,14.2,8,1.8
TE/FLEX,Anthony Firkser,TEN,TE,13.8,9,1.5
TE/FLEX,Pharaoh Brown,HOU,TE,12.4,8,1.6
TE/FLEX,Jesse James,CHI,TE,11.8,3,3.9
TE/FLEX,Marcedes Lewis,GB,TE,11.7,8,1.5
TE/FLEX,Brevin Jordan,HOU,TE,11.7,3,3.9
TE/FLEX,Lee Smith,ATL,TE,11.3,6,1.9
TE/FLEX,Ross Dwelley,SF,TE,11.1,4,2.8
TE/FLEX,Adam Shaheen,MIA,TE,11,9,1.2
TE/FLEX,Chris Manhertz,JAC,TE,10.9,7,1.6
TE/FLEX,Tommy Sweeney,BUF,TE,10.4,6,1.7
TE/FLEX,Antony Auclair,HOU,TE,9.4,2,4.7
TE/FLEX,Chris Herndon IV,MIN,TE,8.3,5,1.7
TE/FLEX,Jacob Hollister,JAC,TE,8.1,4,2
TE/FLEX,Noah Gray,KC,TE,7.8,5,1.6
TE/FLEX,Kylen Granson,IND,TE,7.2,7,1
TE/FLEX,James O'Shaughnessy,JAC,TE,7.2,2,3.6
TE/FLEX,Jimmy Graham,CHI,TE,6.4,4,1.6
TE/FLEX,Jesper Horsted,CHI,TE,6.2,3,2.1
TE/FLEX,Zach Gentry,PIT,TE,6,4,1.5
TE/FLEX,John Bates,WAS,TE,5.9,6,1
TE/FLEX,Josh Oliver,BAL,TE,5.9,8,0.7
TE/FLEX,Luke Farrell,JAC,TE,4.9,7,0.7
TE/FLEX,Drew Sample,CIN,TE,4.8,5,1
TE/FLEX,Blake Bell,KC,TE,4.6,8,0.6
TE/FLEX,Eric Saubert,DEN,TE,4.6,8,0.6
TE/FLEX,Darren Fells,Multi,TE,4.3,3,1.4
TE/FLEX,Charlie Woerner,SF,TE,4.1,3,1.4
TE/FLEX,Kaden Smith,NYG,TE,3.3,4,0.8
TE/FLEX,Tommy Hudson,TEN,TE,3.1,4,0.8
TE/FLEX,Garrett Griffin,NO,TE,3,4,0.8
TE/FLEX,Nick Vannett,NO,TE,2,1,2
TE/FLEX,Sean McKeon,DAL,TE,1.7,3,0.6
TE/FLEX,Cethan Carter,MIA,TE,1.6,7,0.2
TE/FLEX,Trevon Wesco,NYJ,TE,1.6,5,0.3
TE/FLEX,Jack Stoll,PHI,TE,1.5,4,0.4
TE/FLEX,Brock Wright,DET,TE,1.4,3,0.5
TE/FLEX,Derek Carrier,LV,TE,1.3,1,1.3
TE/FLEX,Luke Stocker,MIN,TE,1.2,3,0.4
TE/FLEX,Johnny Mundt,LAR,TE,0.9,3,0.3
TE/FLEX,Dominique Dafney,GB,TE,0.8,3,0.3
TE/FLEX,Colby Parkinson,SEA,TE,0.7,2,0.4
TE/FLEX,Tre' McKitty,LAC,TE,0.7,1,0.7
TE/FLEX,Eric Tomlinson,BAL,TE,0.7,3,0.2
TE/FLEX,Parker Hesse,ATL,TE,0.5,2,0.3
TE/FLEX,Tyler Davis,GB,TE,0.4,4,0.1
TE/FLEX,Kendall Blanton,LAR,TE,0.2,1,0.2
TE/FLEX,Kevin Rader,PIT,TE,0.1,1,0.1
TE/FLEX,Kenny Yeboah,NYJ,TE,0,1,0
TE/FLEX,Clark Harris,CIN,TE,0,1,0
TE/FLEX,Nick Boyle,BAL,TE,0,1,0
TE/FLEX,Daniel Helm,LV,TE,0,1,0
TE/FLEX,Darrell Daniels,ARI,TE,0,8,0
TE/FLEX,Briley Moore-McKinney,TEN,TE,0,1,0
TE/FLEX,Tyree Jackson,PHI,TE,0,1,0
TE/FLEX,J.P. Holtz,CHI,TE,0,2,0
TE/FLEX,Jeremy Sprinkle,DAL,TE,0,3,0
TE/FLEX,Codey McElroy,TB,TE,0,2,0
TE/FLEX,Colin Thompson,CAR,TE,0,3,0
TE/FLEX,Giovanni Ricci,CAR,TE,0,4,0
TE/FLEX,Ben Ellefson,MIN,TE,0,2,0
TE/FLEX,Daniel Brown,NYJ,TE,0,1,0
TE/FLEX,Demetrius Harris,ARI,TE,0,7,0
TE/FLEX,Deon Yelder,TB,TE,0,2,0
TE/FLEX,Jacob Harris,LAR,TE,0,1,0
TE/FLEX,Hunter Long,MIA,TE,0,1,0
TE/FLEX,Chris Myarick,NYG,TE,0,2,0
TE/FLEX,Jared Pinkney,LAR,TE,0,1,0
WR/FLEX,Cooper Kupp,LAR,WR,173.6,10,17.4
WR/FLEX,Deebo Samuel,SF,WR,157.1,10,15.7
WR/FLEX,Tyreek Hill,KC,WR,148.6,11,13.5
WR/FLEX,Ja'Marr Chase,CIN,WR,134.2,10,13.4
WR/FLEX,Justin Jefferson,MIN,WR,129.8,10,13
WR/FLEX,Mike Evans,TB,WR,128.9,10,12.9
WR/FLEX,Davante Adams,GB,WR,127.9,10,12.8
WR/FLEX,Mike Williams,LAC,WR,114.5,10,11.5
WR/FLEX,Stefon Diggs,BUF,WR,113.3,10,11.3
WR/FLEX,Chris Godwin,TB,WR,113.1,10,11.3
WR/FLEX,CeeDee Lamb,DAL,WR,113,10,11.3
WR/FLEX,DK Metcalf,SEA,WR,111.7,10,11.2
WR/FLEX,Adam Thielen,MIN,WR,110.6,10,11.1
WR/FLEX,Marquise Brown,BAL,WR,108.4,9,12
WR/FLEX,Michael Pittman Jr.,IND,WR,106,11,9.6
WR/FLEX,Terry McLaurin,WAS,WR,104.7,10,10.5
WR/FLEX,DJ Moore,CAR,WR,100.6,11,9.2
WR/FLEX,Diontae Johnson,PIT,WR,97,9,10.8
WR/FLEX,Keenan Allen,LAC,WR,93,10,9.3
WR/FLEX,Robert Woods,LAR,WR,92.2,9,10.2
WR/FLEX,DeAndre Hopkins,ARI,WR,90.6,8,11.3
WR/FLEX,DeVonta Smith,PHI,WR,90.4,11,8.2
WR/FLEX,Tyler Lockett,SEA,WR,89.7,10,9
WR/FLEX,Christian Kirk,ARI,WR,89.2,11,8.1
WR/FLEX,Amari Cooper,DAL,WR,88.3,9,9.8
WR/FLEX,Kendrick Bourne,NE,WR,85,11,7.7
WR/FLEX,Jaylen Waddle,MIA,WR,84.5,11,7.7
WR/FLEX,Darnell Mooney,CHI,WR,83.6,10,8.4
WR/FLEX,AJ Brown,TEN,WR,80.5,10,8.1
WR/FLEX,Emmanuel Sanders,BUF,WR,80.2,10,8
WR/FLEX,Brandin Cooks,HOU,WR,78.4,10,7.8
WR/FLEX,Hunter Renfrow,LV,WR,76.9,10,7.7
WR/FLEX,Tim Patrick,DEN,WR,76.3,10,7.6
WR/FLEX,Courtland Sutton,DEN,WR,75.7,10,7.6
WR/FLEX,Elijah Moore,NYJ,WR,75.3,9,8.4
WR/FLEX,Marquez Callaway,NO,WR,73.2,10,7.3
WR/FLEX,AJ Green,ARI,WR,71.8,10,7.2
WR/FLEX,Corey Davis,NYJ,WR,69.7,8,8.7
WR/FLEX,Van Jefferson,LAR,WR,66.7,10,6.7
WR/FLEX,Marvin Jones Jr.,JAC,WR,66.6,10,6.7
WR/FLEX,Antonio Brown,TB,WR,66.4,5,13.3
WR/FLEX,Jakobi Meyers,NE,WR,64,11,5.8
WR/FLEX,Chase Claypool,PIT,WR,63.8,8,8
WR/FLEX,Tyler Boyd,CIN,WR,61,10,6.1
WR/FLEX,Henry Ruggs III,LV,WR,60.5,7,8.6
WR/FLEX,Nelson Agholor,NE,WR,58.1,11,5.3
WR/FLEX,Tee Higgins,CIN,WR,56.6,8,7.1
WR/FLEX,Bryan Edwards,LV,WR,55.4,10,5.5
WR/FLEX,Deonte Harris,NO,WR,54.7,9,6.1
WR/FLEX,Cole Beasley,BUF,WR,54.4,10,5.4
WR/FLEX,Brandon Aiyuk,SF,WR,53,10,5.3
WR/FLEX,Cedrick Wilson Jr.,DAL,WR,53,9,5.9
WR/FLEX,Randall Cobb,GB,WR,52.1,10,5.2
WR/FLEX,Jamal Agnew,JAC,WR,52,10,5.2
WR/FLEX,Zach Pascal,IND,WR,51.7,11,4.7
WR/FLEX,Rondale Moore,ARI,WR,51.5,11,4.7
WR/FLEX,DeAndre Carter,WAS,WR,50,10,5
WR/FLEX,Byron Pringle,KC,WR,49.8,10,5
WR/FLEX,Kalif Raymond,DET,WR,49.3,10,4.9
WR/FLEX,K.J. Osborn,MIN,WR,49,10,4.9
WR/FLEX,Donovan Peoples-Jones,CLE,WR,49,8,6.1
WR/FLEX,Mecole Hardman,KC,WR,48,11,4.4
WR/FLEX,Robby Anderson,CAR,WR,45.6,11,4.2
WR/FLEX,Jamison Crowder,NYJ,WR,44.5,7,6.4
WR/FLEX,Quez Watkins,PHI,WR,42.8,11,3.9
WR/FLEX,Laviska Shenault Jr.,JAC,WR,41.8,10,4.2
WR/FLEX,Kadarius Toney,NYG,WR,40.6,8,5.1
WR/FLEX,Calvin Ridley,ATL,WR,40.1,5,8
WR/FLEX,Allen Robinson II,CHI,WR,39.9,9,4.4
WR/FLEX,Olamide Zaccheaus,ATL,WR,39.7,9,4.4
WR/FLEX,Allen Lazard,GB,WR,39,8,4.9
WR/FLEX,DeVante Parker,MIA,WR,38.7,5,7.7
WR/FLEX,Gabriel Davis,BUF,WR,38.5,9,4.3
WR/FLEX,Marquez Valdes-Scantling,GB,WR,37.9,6,6.3
WR/FLEX,Jarvis Landry,CLE,WR,37.9,7,5.4
WR/FLEX,Sterling Shepard,NYG,WR,37.5,5,7.5
WR/FLEX,Nick Westbrook-Ikhine,TEN,WR,37.2,9,4.1
WR/FLEX,Mack Hollins,MIA,WR,35.8,10,3.6
WR/FLEX,Devin Duvernay,BAL,WR,35.1,10,3.5
WR/FLEX,Amon-Ra St. Brown,DET,WR,34.9,9,3.9
WR/FLEX,Quintez Cephus,DET,WR,34.4,5,6.9
WR/FLEX,Julio Jones,TEN,WR,33.6,6,5.6
WR/FLEX,Marquise Goodwin,CHI,WR,33.6,10,3.4
WR/FLEX,Sammy Watkins,BAL,WR,32.7,7,4.7
WR/FLEX,Tre'Quan Smith,NO,WR,32.5,5,6.5
WR/FLEX,Kenny Golladay,NYG,WR,32.2,7,4.6
WR/FLEX,Freddie Swain,SEA,WR,31.8,10,3.2
WR/FLEX,Jalen Reagor,PHI,WR,31.5,11,2.9
WR/FLEX,DeSean Jackson,Multi,WR,30.3,8,3.8
WR/FLEX,Demarcus Robinson,KC,WR,29.6,10,3
WR/FLEX,Chester Rogers,TEN,WR,28.5,10,2.9
WR/FLEX,Keelan Cole Sr.,NYJ,WR,27.5,8,3.4
WR/FLEX,DJ Chark,JAC,WR,27.4,3,9.1
WR/FLEX,Chris Conley,HOU,WR,27.3,9,3
WR/FLEX,Rashod Bateman,BAL,WR,27,5,5.4
WR/FLEX,Braxton Berrios,NYJ,WR,26.8,10,2.7
WR/FLEX,Russell Gage,ATL,WR,26.8,6,4.5
WR/FLEX,Darius Slayton,NYG,WR,26.7,7,3.8
WR/FLEX,John Ross,NYG,WR,26.5,6,4.4
WR/FLEX,Odell Beckham Jr.,Multi,WR,26.4,7,3.8
WR/FLEX,Adam Humphries,WAS,WR,25.5,10,2.6
WR/FLEX,James Washington,PIT,WR,25.4,9,2.8
WR/FLEX,Rashard Higgins,CLE,WR,24.5,9,2.7
WR/FLEX,Zay Jones,LV,WR,23.7,8,3
WR/FLEX,Jerry Jeudy,DEN,WR,23.1,4,5.8
WR/FLEX,Brandon Zylstra,CAR,WR,22.4,7,3.2
WR/FLEX,Parris Campbell,IND,WR,22.2,5,4.4
WR/FLEX,Tyler Johnson,TB,WR,21.6,9,2.4
WR/FLEX,Chris Moore,HOU,WR,21.3,6,3.6
WR/FLEX,Jalen Guyton,LAC,WR,21,10,2.1
WR/FLEX,Joshua Palmer,LAC,WR,20.9,8,2.6
WR/FLEX,Kendall Hinton,DEN,WR,20.5,7,2.9
WR/FLEX,Nico Collins,HOU,WR,20,7,2.9
WR/FLEX,JuJu Smith-Schuster,PIT,WR,19.8,5,4
WR/FLEX,Tajae Sharpe,ATL,WR,19.1,9,2.1
WR/FLEX,Albert Wilson,MIA,WR,17.7,7,2.5
WR/FLEX,Mohamed Sanu Sr.,SF,WR,17.7,8,2.2
WR/FLEX,Danny Amendola,HOU,WR,17.2,6,2.9
WR/FLEX,Malik Turner,DAL,WR,17.1,4,4.3
WR/FLEX,Jody Fortson,KC,WR,16.7,4,4.2
WR/FLEX,Marcus Johnson,TEN,WR,15.8,7,2.3
WR/FLEX,Isaiah Ford,MIA,WR,15.7,5,3.1
WR/FLEX,Dante Pettis,NYG,WR,15.3,3,5.1
WR/FLEX,Greg Ward,PHI,WR,15,6,2.5
WR/FLEX,Cam Sims,WAS,WR,14.8,6,2.5
WR/FLEX,Ray-Ray McCloud,PIT,WR,13.6,10,1.4
WR/FLEX,Terrace Marshall Jr.,CAR,WR,13.6,9,1.5
WR/FLEX,Anthony Schwartz,CLE,WR,12.9,10,1.3
WR/FLEX,Denzel Mims,NYJ,WR,12.9,5,2.6
WR/FLEX,T.Y. Hilton,IND,WR,12.7,4,3.2
WR/FLEX,Kenny Stills,NO,WR,12.5,5,2.5
WR/FLEX,Michael Gallup,DAL,WR,12.2,3,4.1
WR/FLEX,James Proche II,BAL,WR,11.8,5,2.4
WR/FLEX,N'Keal Harry,NE,WR,11.7,6,2
WR/FLEX,Noah Brown,DAL,WR,11.7,8,1.5
WR/FLEX,Antoine Wesley,ARI,WR,11.3,4,2.8
WR/FLEX,Cyril Grayson Jr.,TB,WR,11,1,11
WR/FLEX,Trent Sherfield,SF,WR,10.1,5,2
WR/FLEX,Chris Hogan,NO,WR,10.1,5,2
WR/FLEX,Auden Tate,CIN,WR,9.9,4,2.5
WR/FLEX,Jauan Jennings,SF,WR,9.8,6,1.6
WR/FLEX,Jeff Smith,NYJ,WR,9.7,5,1.9
WR/FLEX,Dez Fitzpatrick,TEN,WR,9.5,2,4.8
WR/FLEX,Isaiah McKenzie,BUF,WR,9.3,10,0.9
WR/FLEX,Lil'Jordan Humphrey,NO,WR,9.1,3,3
WR/FLEX,Cameron Batson,TEN,WR,9,4,2.3
WR/FLEX,Josh Reynolds,Multi,WR,9,5,1.8
WR/FLEX,Collin Johnson,NYG,WR,8.9,7,1.3
WR/FLEX,Anthony Miller,HOU,WR,8.3,2,4.2
WR/FLEX,Equanimeous St. Brown,GB,WR,7.9,7,1.1
WR/FLEX,Ashton Dulin,IND,WR,7.9,11,0.7
WR/FLEX,Dyami Brown,WAS,WR,7.7,5,1.5
WR/FLEX,Preston Williams,MIA,WR,7.4,5,1.5
WR/FLEX,KJ Hamler,DEN,WR,7.4,3,2.5
WR/FLEX,Trinity Benson,DET,WR,7.2,6,1.2
WR/FLEX,KhaDarel Hodge,DET,WR,7.1,7,1
WR/FLEX,Dede Westbrook,MIN,WR,6.6,9,0.7
WR/FLEX,Tavon Austin,JAC,WR,6.5,6,1.1
WR/FLEX,C.J. Board,NYG,WR,5.7,6,1
WR/FLEX,Jaelon Darden,TB,WR,5.4,5,1.1
WR/FLEX,Mike Thomas,CIN,WR,5.2,5,1
WR/FLEX,Dax Milne,WAS,WR,5.1,6,0.9
WR/FLEX,Amari Rodgers,GB,WR,5.1,11,0.5
WR/FLEX,Will Fuller V,MIA,WR,4.6,2,2.3
WR/FLEX,Ja'Marcus Bradley,CLE,WR,4.6,1,4.6
WR/FLEX,Alex Erickson,CAR,WR,4.2,11,0.4
WR/FLEX,Penny Hart,SEA,WR,3.8,8,0.5
WR/FLEX,Kevin White,NO,WR,3.8,4,1
WR/FLEX,Ben Skowronek,LAR,WR,3.8,6,0.6
WR/FLEX,Willie Snead IV,Multi,WR,3.8,6,0.6
WR/FLEX,Damiere Byrd,CHI,WR,3.2,4,0.8
WR/FLEX,KJ Hill Jr.,LAC,WR,3,6,0.5
WR/FLEX,Juwann Winfree,GB,WR,3,1,3
WR/FLEX,Laquon Treadwell,JAC,WR,2.9,5,0.6
WR/FLEX,Andre Roberts,Multi,WR,2.8,10,0.3
WR/FLEX,Curtis Samuel,WAS,WR,2.7,2,1.4
WR/FLEX,Mike Strachan,IND,WR,2.6,2,1.3
WR/FLEX,Trenton Irwin,CIN,WR,2.5,3,0.8
WR/FLEX,Marcus Kemp,KC,WR,2.4,8,0.3
WR/FLEX,D'Wayne Eskridge,SEA,WR,2.4,2,1.2
WR/FLEX,J.J. Arcega-Whiteside,PHI,WR,2.3,4,0.6
WR/FLEX,Gunner Olszewski,NE,WR,2.2,10,0.2
WR/FLEX,Christian Blake,ATL,WR,2,6,0.3
WR/FLEX,Josh Gordon,KC,WR,1.8,5,0.4
WR/FLEX,Keith Kirkwood,CAR,WR,1.7,2,0.9
WR/FLEX,Cody White,PIT,WR,1.7,4,0.4
WR/FLEX,Breshad Perriman,TB,WR,1.6,1,1.6
WR/FLEX,Tyron Johnson,JAC,WR,1.6,4,0.4
WR/FLEX,Shi Smith,CAR,WR,1.5,3,0.5
WR/FLEX,Tom Kennedy,DET,WR,1.5,3,0.5
WR/FLEX,Frank Darby,ATL,WR,1.4,1,1.4
WR/FLEX,Tyrell Williams,DET,WR,1.4,1,1.4
WR/FLEX,Kirk Merritt,MIA,WR,1.3,1,1.3
WR/FLEX,Scotty Miller,TB,WR,1.1,2,0.6
WR/FLEX,Dezmon Patmon,IND,WR,0.7,2,0.4
WR/FLEX,Miles Boykin,BAL,WR,0.6,1,0.6
WR/FLEX,Ihmir Smith-Marsette,MIN,WR,0.6,4,0.2
WR/FLEX,Keke Coutee,IND,WR,0.5,1,0.5
WR/FLEX,Stanley Morgan Jr.,CIN,WR,0.3,5,0.1
WR/FLEX,Phillip Dorsett II,Multi,WR,0.3,2,0.2
WR/FLEX,J.J. Koski,LAR,WR,0,2,0
WR/FLEX,Maurice Ffrench,LAC,WR,0,1,0
WR/FLEX,Dillon Stoner,LV,WR,0,2,0
WR/FLEX,Daurice Fountain,KC,WR,0,1,0
WR/FLEX,John Hightower,PHI,WR,0,1,0
WR/FLEX,Greg Dortch,ARI,WR,0,2,0
WR/FLEX,Dan Chisena,MIN,WR,0,1,0
WR/FLEX,JoJo Natson,CLE,WR,0,1,0
WR/FLEX,Pharoh Cooper,NYG,WR,0,2,0
WR/FLEX,Justin Hardee,NYJ,WR,0,7,0
WR/FLEX,Tylan Wallace,BAL,WR,0,4,0
WR/FLEX,Andy Isabella,ARI,WR,0,2,0
WR/FLEX,Devin Smith,JAC,WR,0,1,0
WR/FLEX,Racey McMath,TEN,WR,0,2,0
WR/FLEX,Tutu Atwell,LAR,WR,0,6,0
WR/FLEX,Matthew Slater,NE,WR,0,7,0
WR/FLEX,Jake Kumerow,BUF,WR,0,3,0
WR/FLEX,Josh Hammond,JAC,WR,0,1,0
WR/FLEX,Brandon Smith,DAL,WR,0,1,0
WR/FLEX,Travis Benjamin,SF,WR,0,1,0
WR/FLEX,Geronimo Allison,DET,WR,0,1,0
WR/FLEX,John Brown,Multi,WR,0,2,0
WR/FLEX,David Sills V,NYG,WR,0,1,0
WR/FLEX,Antonio Gandy-Golden,WAS,WR,0,1,0
WR/FLEX,Mason Kinsey,TEN,WR,0,1,0
WR/FLEX,Jaydon Mickens,TB,WR,0,6,0
WR/FLEX,Damion Ratley,FA,WR,0,1,0
WR/FLEX,Allen Hurns,MIA,WR,0,3,0
WR/FLEX,David Moore,DEN,WR,0,1,0
WR/FLEX,Nsimba Webster,CHI,WR,0,4,0
WR/FLEX,Tyrie Cleveland,DEN,WR,0,4,0
WR/FLEX,Diontae Spencer,DEN,WR,-0.3,9,0
WR/FLEX,Malik Taylor,GB,WR,-0.6,5,-0.1
WR/FLEX,Jakeem Grant Sr.,Multi,WR,-5,10,-0.5
